{
  "dataset": "metr-la",
  "transformer": {
    "mae": 4.584197521209717,
    "rmse": 10.505001068115234,
    "mape": 0.11839330941438675,
    "mae_15min": 3.566598415374756,
    "rmse_15min": 8.155074119567871,
    "mape_15min": 0.08884257823228836,
    "mae_30min": 4.558748722076416,
    "rmse_30min": 10.441398620605469,
    "mape_30min": 0.11720523238182068,
    "mae_60min": 6.063803672790527,
    "rmse_60min": 13.128684997558594,
    "mape_60min": 0.1619282066822052,
    "params": 177100
  },
  "lstm": {
    "mae": 4.425057411193848,
    "rmse": 10.209954261779785,
    "mape": 0.11534217745065689,
    "mae_15min": 3.447711944580078,
    "rmse_15min": 7.898647785186768,
    "mape_15min": 0.08589863032102585,
    "mae_30min": 4.41161584854126,
    "rmse_30min": 10.176793098449707,
    "mape_30min": 0.11418447643518448,
    "mae_60min": 5.836409091949463,
    "rmse_60min": 12.782144546508789,
    "mape_60min": 0.15835392475128174,
    "params": 93836
  }
}